# train,valid,test
1.890965928256403694e-02
1.967895928290472676e-02
1.883639142403082875e-02
