# train,valid,test
9.930386328628224013e-02
1.061789631907348735e-01
9.720416619833133209e-02
