# train,valid,test
1.066775900999970689e-01
1.037372685185184995e-01
1.049320987654321080e-01
