# train,valid,test
5.280706631399117307e-02
5.194150805384799979e-02
5.144581072295329599e-02
