# train,valid,test
2.520062899476440896e-02
2.674550334584937725e-02
2.441673784563178767e-02
