# train,valid,test
2.657231753665159069e+00
2.684488615297883740e+00
2.661078628951604408e+00
