# train,valid,test
1.281073917804396133e-02
1.392492699833366293e-02
1.249898036966271345e-02
