# train,valid,test
2.278480585184994300e-02
2.546408962075874180e-02
2.216597077582678141e-02
