# train,valid,test
3.763973375087691087e-02
4.156554944091382653e-02
3.596320606929551134e-02
