# train,valid,test
1.289278518959826592e-01
1.337551705911918798e-01
1.264518483938960325e-01
