# train,valid,test
8.374481603954235520e-02
8.435310717665915614e-02
8.215384324504179658e-02
