# train,valid,test
1.172078281217821434e-02
1.355836087994166488e-02
1.149594117263466608e-02
