# train,valid,test
8.028132713861716591e-03
9.154705881912816173e-03
7.784839859670133685e-03
