# train,valid,test
2.415569444756519024e-01
2.629376578195978253e-01
2.300183011950995837e-01
